{
  "project_info": {
    "project_number": "650507376577",
    "firebase_url": "https://aztecs-521bf.firebaseio.com",
    "project_id": "aztecs-521bf",
    "storage_bucket": "aztecs-521bf.appspot.com"
  },
  "client": [
    {
      "client_info": {
        "mobilesdk_app_id": "1:650507376577:android:ac4a769da84f97cdcb0140",
        "android_client_info": {
          "package_name": "com.example.hackovitproject"
        }
      },
      "oauth_client": [
        {
          "client_id": "650507376577-ko73bn3qd2k6fj78lq9d251q3lk1lnne.apps.googleusercontent.com",
          "client_type": 3
        }
      ],
      "api_key": [
        {
          "current_key": "AIzaSyDA6BwBOIQrfUTBd7i7FEjyIarCCa_g6SQ"
        }
      ],
      "services": {
        "appinvite_service": {
          "other_platform_oauth_client": [
            {
              "client_id": "650507376577-ko73bn3qd2k6fj78lq9d251q3lk1lnne.apps.googleusercontent.com",
              "client_type": 3
            }
          ]
        }
      }
    },
    {
      "client_info": {
        "mobilesdk_app_id": "1:650507376577:android:f0b80c95bb618a6ccb0140",
        "android_client_info": {
          "package_name": "com.example.quizhack"
        }
      },
      "oauth_client": [
        {
          "client_id": "650507376577-ko73bn3qd2k6fj78lq9d251q3lk1lnne.apps.googleusercontent.com",
          "client_type": 3
        }
      ],
      "api_key": [
        {
          "current_key": "AIzaSyDA6BwBOIQrfUTBd7i7FEjyIarCCa_g6SQ"
        }
      ],
      "services": {
        "appinvite_service": {
          "other_platform_oauth_client": [
            {
              "client_id": "650507376577-ko73bn3qd2k6fj78lq9d251q3lk1lnne.apps.googleusercontent.com",
              "client_type": 3
            }
          ]
        }
      }
    }
  ],
  "configuration_version": "1"
}